JASSO Scholarship Pamphlet 2025-2026 — Sortable Master List,,,,,,,,,,,,,,,,,,,,
"Source: Japan Student Services Organization (JASSO) Scholarship for International Students in Japan 2025-2026. Use the filter dropdowns on each column to narrow by country, field, age limit, etc. Sections: III = Local Govts, IV = Private Foundations, V = For applicants residing abroad. Sub-entries under one foundation use suffix numbering (e.g., 61-1, 61-2). Qualifier codes: HS=High School, CT=College of Technology, ST=Specialized Training, UJ=Univ Japanese Program, JL=Japanese Lang Institute, JC=Junior College, A=Auditors (Undergrad), U=Undergrad, R=Research Student, P=Professional Degree, M=Master's, D=Doctoral. Selection: D=Document, I=Interview, W=Written exam, O=Others.",,,,,,,,,,,,,,,,,,,,
,,,,,,,,,,,,,,,,,,,,
Section,No.,Foundation,Scholarship Name,Address / Contact,Inquiry,Application,Qualifier (School Year),Age Limit,Designated Countries/Regions,Designated Schools in Japan,Designated Fields of Study,Plural Grants,Non-Student Visa OK,Additional Requirements,"Contents (¥1,000)",Duration,Application Period,Selection Method,Grantees,Grantees / Applications (Prev Year)
III. Local Govts & Intl Associations,1,"Kitami City
北見市","Kitami City Scholarship for
Foreign Students","Citizen Environment Department
Kitami City Office,
Odori Nishi-3-Chome 1-1 Kitami-
City, Hokkaido 090-8501
Tel 0157-25-1105 Fax 0157-25-1016
www.city.kitami.lg.jp/
administration/education/detail.
php?content=9543
shiminkatsudo@city.kitami.lg.jp",F,S,"ST
JC
U
R
M
D",−,−,"Kitami city,
Hokkaido",−,N,N,Kitami city residents,200/Y,"1y
(Apr.-Mar.)
(Scholarship
payment
in July and
Dec.)",Late May,D,15,15/35
III. Local Govts & Intl Associations,2,"Iwate International Association
（公財）岩手県国際交流協会","Iwate Prefecture's
Scholarship","Aina 5F, 1-7-1
Moriokaekinishitori,Morioka, Iwate
020-0045
Tel 019-654-8900 Fax 019-654-8922
iwateint@iwate-ia.or.jp",S,S,"CT(3-)
JC
U
M
D",−,−,Iwate pref.,−,"Y
(48/M)",N,"Students interested in
intercultural activities
Recommendation from
designated schools
required","20/M
（TBA）","1y
(Apr.-Mar.)",Apr.（TBA）,"D, I","9
（TBA）",9/13
III. Local Govts & Intl Associations,3,"Yamagata Pref.
山形県","Yamagata Prefectural
Scholarship for Privately
Financed Foreign Students","International Human Resources
Development and Convention
Promotion Division, Yamagata
Prefectural Government
2-8-1, Matsunami, Yamagata-shi,
Yamagata 990-8570
Tel 023-630-2129
Fax 023-630-2092
https://int-students-yamagata.jp/
en/study/",S,S,"CT(4-5)
UJ
JL
ST
JC
U(3-4)
P
M
D",−,−,Yamagata pref.,−,N,N,"Those who wish to
work in Yamagata
pref.","JL
10/M
Except for
the above
20/M
(TBC)","1y
(Apr.-Mar.)","Apr.-
Early May",D,"Within
the
budget",67/67
III. Local Govts & Intl Associations,4,"Ohtawara-city Board of
Education
大田原市教育委員会","Ohtawara-city Foreign
Student Scholarship","Ohtawara City Office, 1-4-1, Honcho,
Ohtawara-City, Tochigi 324-8641
Tel 0287-23-3111
Fax 0287-23-3113
soumu-kyouiku@city.ohtawara.
tochigi.jp","F
・
S",S,U(1-6),−,−,"International
U of Health
and Welfare
(Ohtawara City)",−,Y,N,"University
recommendation
required
Legally registered as
residents of Ohtawara
city",5/M,"1y
(Apr.-Mar.)",Apr.-Mar.,D,About 20,7/7
III. Local Govts & Intl Associations,5,"Shinjuku-ku
新宿区",Foreign Student Scholarship,"Shinjuku City Office, 1-4-1,
Kabukicho,
Shinjuku-ku, Tokyo 160-8484
Tel 03-5273-3504 Fax 03-3209-7455","F
・
S",S,"ST (2-)
JC (2)
U (2-)
M (2)
D (2-)",−,−,"Shinjuku City,
Tokyo",−,Y,N,"Privately financed
students in Shinjuku
who have studied at
eligible schools for
one year or longer
and are planning to
continue their studies
for at least one year",240/Y,"1y
(Scholarship
payment
in July and
Dec.)","Mid May-
Late May",D,About 15,15/32
III. Local Govts & Intl Associations,6,"Kawasaki International
Association
（公財）川崎市国際交流協会","Financial Assistance Program
for Foreign Students","Kawasaki International Association
2-2 Kizuki, Gion-cho, Nakahara-ku,
Kawasaki-city, Kanagawa 211-0033
Tel 044-435-7000 Fax 044-435-7010
www.kian.or.jp
kiankawasaki@kian.or.jp",S,S,"CT
ST
JC
U
M
D",−,−,"Kawasaki city,
Kanagawa",−,"Y
（N:MEXT）",N,"Privately financed
students in Kawasaki.
School recommendation
required.
Student who resides
and can participate in
the international
exchange activities in
Kawasaki.
Students who live in
Kawasaki",100/Y,1y,"Apr.-
Mid May",D,24,24/40
III. Local Govts & Intl Associations,7,"Ishikawa-Pref.
石川県","Ishikawa Prefectural
Scholarship for Privately
Financed Foreign Students","International Exchange Division，
Ishikawa Prefectural Government
1-1 Kuratsuki, Kanazawa-city,
Ishikawa 920-8580
Tel 076-225-1382 Fax 076-225-1383
e200500@pref.ishikawa.lg.jp",S,S,"CT
UJ
JL
ST
JC
U
R
M
D",−,−,Ishikawa pref.,−,"Not
fixed",N,"Students who have
been enrolled
in a university
in Ishikawa
for less than one year","Not
fixed","1y
(Apr.-Mar.)",June,D,"Not
fixed",50/50
III. Local Govts & Intl Associations,8,"Shiga Intercultural Association
for Globalization
（公財）滋賀県国際協会","Biwako Scholarship for
Foreign Students","Piazza Omi 2F 1-1-20 Nionohama,
Otsu-city, Shiga 520-0801
Tel 077-526-0931 Fax 077-510-0601
www.s-i-a.or.jp/en/projects/
multicultural
info@s-i-a.or.jp","F
・
S",S,"JC
U
M
D",−,−,Shiga pref.,−,"Y
20/M",N,Living in Shiga pref.,20/M,1y,Apr.-May,D,Not fixed,"10/19
(2024)"
,,,,,,,,,,,,,,,,,,,,
III. Local Govts & Intl Associations,10,"Kobe International Community
Center
（公財）神戸国際コミュニティ
センター","Kobe International Students
Scholarship (Kobe/Sugawara
Scholarship)","Asta Kunizuka 1-Bankan South
Building 4F
5-3-1, Udezuka-cho, Nagata-ku, Kobe
653-0036, Hyogo
Tel 078-742-8908
Fax 078-691-5553
www.kicc.jp/en/aboutus/shien
ryugakusei_55@kicc.jp",S,S,"U(3-4)
M
D",−,−,"Kobe city, Hyogo",−,N,N,"Priority will be given
to
・ 5 of 30 grantees of
South East Asian
students
・ 1 of 30 grantees
of Kobe・Tianjin
city friendship
partnership
alliance",80/M,1y,"Feb.-
Mid Mar.","D, I",30,"30/58
(2024)"
III. Local Govts & Intl Associations,11,"Himeji-shi
姫路市",Foreign Student Scholarship,"Himeji City Office 4-1 Yasuda,
Himeji-city, Hyogo 670-8501
Tel 079-221-2596",S,S,"JC
U
M
D",−,−,"Himeji city, Hyogo",−,Y,N,,30/M,"Up to
graduation/
completion",June,D,3,"3/3
（2024）"
III. Local Govts & Intl Associations,12,"Kato-shi
加東市","Scholarship for Foreign
Students","50 Yashiro, Kato-city, Hyogo 673-
1493
Tel 0795-43-0544 Fax 0795-42-1735
www.city.kato.lg.jp
kokusaikoryu@city.kato.lg.jp","F
・
S","F
・
S","U
M
D",−,−,−,−,N,N,"Students who live
in Kato-city and
participate in the
international activities
in a community",15/M,1y,Apr. -May,D,4,4/4
III. Local Govts & Intl Associations,13,"Kurashiki-shi
倉敷市","Kurashiki City Financial
Aid for Privately Financed
Students","International Affairs Section,
Kurashiki City Office 640
Nishinakashinden, Kurashiki-city,
Okayama 710-8565
Tel 086-426-3015 Fax 086-426-4095
intntnl@city.kurashiki.okayama.jp",S,S,"JC(1)
U(1)",−,−,"Kurashiki city,
Okayama",−,Y,N,"Students
in Kurashiki city",10/M,1y,"depends on
university",D,variable,50/50
III. Local Govts & Intl Associations,14,"Hiroshima International Center
（公財）ひろしま国際センター",Scholarship Programs,"Hiroshima Crystal Plaza 6F 8-18
Nakamachi, Naka-Ku, Hiroshima
730-0037
Tel 082-541-3777 Fax 082-243-2001
General Information 082-541-3888
hic@hiroshima-ic.or.jp",S,S,"CT
JC
U
R
M
D",−,−,Hiroshima pref.,−,N,N,−,30/M,1y,"Apr.-
Mid May",D,About 45,43/84
III. Local Govts & Intl Associations,14-1,"Hiroshima International Center
（公財）ひろしま国際センター","Scholarship for new and
transferring international
students","Hiroshima Crystal Plaza 6F 8-18
Nakamachi, Naka-Ku, Hiroshima
730-0037
Tel 082-541-3777 Fax 082-243-2001
General Information 082-541-3888
hic@hiroshima-ic.or.jp",,,,,,,,,,"Students who have
newly arrived from
overseas or
other prefectures",,6m,"Apr.-
Mid May
Oct.",,10,10/31
III. Local Govts & Intl Associations,15,"Hiroshima Peace Culture
Foundation
（公財）広島平和文化センター",Hiroshima Scholarship,"1-5 Nakajima-cho, Naka-ku,
Hiroshima-city, Hiroshima 730-0811
Tel 082-242-8879 Fax 082-242-7452
internat@pcf.city.hiroshima.jp",F,S,"U
R
M
D
JL
ST
JC",−,−,"Hiroshima city,
Hiroshima",−,N,N,"Hiroshima city
residents",30/M,1y,"Apr.-
Mid May",D,30,30/47
III. Local Govts & Intl Associations,16,"Nankoku-shi
南国市",Nankoku City Scholarship,"2301 Oosoneko, Nankoku-city,
Kochi 783-8501
Tel 088-880-6553
Fax 088-863-1167","F
・
S",S,"CT
U
R
M
D",−,−,Kochi pref.,−,N,N,"Students who live in
Nankoku city",9/M,1y,June,D,3,2/2
,,,,,,,,,,,,,,,,,,,,
III. Local Govts & Intl Associations,18,"Fukuoka City
International Foundation
（公財）福岡よかトピア国際交
流財団","Future Development
Scholarship
for International Students","Fukuoka City International Center
1F, 4-1, Tenyamachi, Hakata-ku,
Fukuoka-city, Fukuoka 812-0025
Tel 092-262-1744 Fax 092-262-2700
www.fcif.or.jp/en/en-money/
international-student-scholarship/","F
・
S",S,"Depend on
individual
scholarship",−,"Dependant
on individual
scholarship","Fukuoka
metropolitan
area","Depend on
individual
scholarship","Y
(Conditional)",N,−,300-500/Y,"１y as a
general
rule(possible
for extension)
Dependant
on individual
scholarship","Apr.-
Mid May","D, I","2
(planned)","4/25
(※only new
applicants)"
III. Local Govts & Intl Associations,18-1,"Fukuoka City
International Foundation
（公財）福岡よかトピア国際交
流財団","Fukuoka City International
Foundation Scholarship","Fukuoka City International Center
1F, 4-1, Tenyamachi, Hakata-ku,
Fukuoka-city, Fukuoka 812-0025
Tel 092-262-1744 Fax 092-262-2700
www.fcif.or.jp/en/en-money/
international-student-scholarship/",,,"U
M",,−,"Kyushu U, Kyushu
Sangyo U, Seinan
Gakuin U, Nakamura
Gakuen U, Fukuoka
U, Fukuoka I of
Technology, Fukuoka
Jo Gakuin U,
Fukuoka Women's
U",−,"Y
（The amount
of Japanese
Government
(MEXT)
Scholarship
including
this
scholarship）",,"・ Students who want
to work in Fukuoka
・ A person who holds
at least N3 of JLPT
or has equivalent to
N3 level
of Japanese ability",600/Y,"Minimum
years
required for
graduation/
completion",,,10,10/18
III. Local Govts & Intl Associations,19,"Kitakyushu
International Association
（公財）北九州国際交流協会","Sekihara Dalian International
Students' Scholarship","COMCITY 3rd fl., 3-15-3 Kurosaki,
Yahatanishi-ward, Kitakyushu-city,
Fukuoka 806-0021
Tel 093-643-5931 Fax 093-643-6466
www.kitaq-koryu.jp/
kia@kitaq-koryu.jp",S,S,"CT(4-5)
JC
U
R
M
D",−,Dalian in China,"Kitakyushu city,
Fukuoka",−,"Y
Single
50/M
One who
lives with
family
100/M",N,,20/M,1y,"Mid May-
Mid June","D, I","3
(planned)",3/4
III. Local Govts & Intl Associations,20,"Kurume Bureau of Tourism
and International Exchange
（公財）久留米観光
コンベンション国際交流協会","Kurume Scholarship for
Foreign Students","Kurumeria 6F 3-11
Mutsumonmachi,
Kurume, Fukuoka 830-0031
Tel 0942-31-1717 Fax 0942-31-3210
http://welcome-kurume.com/
ktie@ktarn.or.jp",F,S,"CT
JC
U
R
M
D",−,−,"Kurume,
Fukuoka",−,N,N,,100/Y,"1y
（Nov.-Dec.)",Oct.,"Selected,
applied
through
School",30,18/18
III. Local Govts & Intl Associations,20-1,"Kurume Bureau of Tourism
and International Exchange
（公財）久留米観光
コンベンション国際交流協会","Kurume Encouragement
Subsidy for Foreign Students","Kurumeria 6F 3-11
Mutsumonmachi,
Kurume, Fukuoka 830-0031
Tel 0942-31-1717 Fax 0942-31-3210
http://welcome-kurume.com/
ktie@ktarn.or.jp",,,"UJ
JL
ST",,,,"Japanese
Language",,,,10/Y,,,,40,40/40
III. Local Govts & Intl Associations,21,"Oita-ken
大分県",Foreign Student Scholarship,"International Policy Division, Oita
Prefectural Government 3-1-1
Ohte-machi, Oita-city, Oita 870-8501
Tel 097-506-2046
a10140@pref.oita.lg.jp",S,S,"CT(4-5)
JC
U
M
D",−,−,Oita pref.,−,N,N,Students living in Oita,30/M,1y,Apr.-May,D,80,80/80
III. Local Govts & Intl Associations,22,"Kagoshima Prefectural
Government
鹿児島県","The Scholarship for Privately
Financed Foreign Students
in Kagoshima","10-1 Kamoike-shimmachi,
Kagoshima-city,Kagoshima 890-8577
Tel 099-286-2306
Fax 099-286-5522
kouryuu@pref.kagoshima.lg.jp",S,S,"CT(4-)
JC
U
M
D",−,−,Kagoshima pref.,−,N,N,"Privately financed
students
living in Kagoshima",20/M,1y,Apr.-May,D,10,"10/18
(2024)"
III. Local Govts & Intl Associations,23,"Satsuma sendai-shi
薩摩川内市","Satsumasendai City
Scholarship
for Foreign Students","3-22 Kanda-cho, Satsumasendai-city,
Kagoshima 895-8650
Tel 0996-23-5111 (ext.5771)
global@city.satsumasendai.lg.jp",S,S,U,−,−,"Satsumasendai
city, Kagoshima",−,Y,N,"Students who will
enroll at a school
in Satsumasendai
for 1 year, and live
in Satsumasendai",10/M,1y,At anytime,D,10,"3/10
（2024）"
IV. Private Foundations,1,"Akebono Foundation
あけぼの財団",,"5F grandir ginza east, 1-8-2 Shintomi,
Chuo-ku, Tokyo 104-0041
Tel 03-6275-2980
https://akebono-foundation.org/
info@akebono-foundation.org",F,F,"HS
CT
JC
U
R
P
M
D","30 or
under","Hungary, Bulgaria,
Romania, Serbia,
Kosovo, North
Macedonia,
Albania,
Montenegro,
Bosnia-
Herzegovina,
Croatia, Moldova,
Ukraine",−,−,"Y
（200/m）",N,−,200/m,2y,"Mar.
June
Sep.
Dec.","D, I, O",3,3/100
IV. Private Foundations,2,"The Asahi Glass Foundation
（公財）旭硝子財団",,"2nd Floor, Science Plaza 5-3,
Yonbancho Chiyoda-ku,
Tokyo 102-0081
Tel +81 3 5275-0620
Fax +81 3 5275-0871
www.af-info.or.jp/en/scholarship/
about.html
scholarship@af-info.or.jp",S,S,"M
D",−,"Thailand,
Indonesia, China,
Korea, Viet Nam","28 designated
universties
(Consult the
international
student adviser)",−,"Y
120/m",Y,,"150/m
Scholarship
to support
overseas
research
activities:
200/y","For the
maximum
of 2y for M
and 3y for D","Apr.
-Early May","D, I",18,−
IV. Private Foundations,3,"The Asian Foundation for
International Scholarship
Interchange
（一財）アジア国際交流奨学財
団",,"1-9-8-2F Kukuchi Amagasaki-city
Hyogo 661-0977
Tel 06-6493-6257
Fax 06-6499-7170
www.asian-foundation.org
info@chuken.org",S,S,U,under 30,Asia,"Consult
the international
student adviser",−,N,N,,60/M,1y,Dec.-Jan.,"D, I, W",Some,2/7
IV. Private Foundations,4,"Atsumi International
Foundation
（公財）渥美国際交流財団",,"3-5-8 Sekiguchi, Bunkyo-ku,
Tokyo 112-0014
Tel 03-3943-7612
Fax 03-3943-1512
www.aisf.or.jp/jp/index.php
atsumifoundation@aisf.or.jp",F,F,"D (final
year)",−,−,"Kanto area
Kinki area",−,"Y
100/M","Y
（No
Restriction）",,250/M,1y,"Sep. 1-
Sep. 30","D, I","18
(Including
Japanese)",16/93
IV. Private Foundations,5,"Iizuka Takeshi Scholarship
Foundation
（公財）飯塚毅育英会",,"Iizuka Takeshi Scholarship
1758 Tsuruta-cho, Utsunomiya-city,
Tochigi 320-8644
Tel 028-649-2121
Fax 028-648-0700
www.iizuka-takeshi-ikuei.or.jp/
itsf@tkc.co.jp",F,S,"U
M
D","29 or
under",−,Tochigi pref.,−,Y,N,,57/M,"Scholarships
are available
while in
university and
can continue
through
graduate
school",Early Oct.,"D, I",5,3/7
IV. Private Foundations,6,"Ichihara International
Scholarship Foundation
（公財）市原国際奨学財団",,"c/o daiitimeiekibiru1F 4-5-27
meieki,
Nakamura-ward, Nagoya-city, Aichi
450-0002
Tel 052-551-1800
Fax 052-551-0202
www.ichihara-isf.or.jp","F
・
S",S,"U
M
D",−,−,Aichi pref.,−,N,N,,50/M,"1y
(paid
every 3 m)","Early July-
Oct. 15",D,20,20/40
IV. Private Foundations,7,"ITO Foundation for
International Education
Exchange
（公財）伊藤国際教育交流財団","Scholarships for Foreign
Students","8F Edo Bldg. 2-3-4 Nihonbashi
honcho,
Chuo-ku, Tokyo 103-0023
Tel 03-3274-6250
Fax 03-3274-6252
www.itofound.or.jp/",F,F,M(1),"Desirably
under 30",−,−,−,N,"Y
Spouse of
Japanese
National",,180/M,Within 2y,Oct. 1-31,"D, I",About 10,10/116
IV. Private Foundations,8,"Iwaki Scholarship Foundation
（公財）岩城留学生奨学会",,"4-8-2 Nihonbashihoncho, Chuo-ku,
Tokyo 103-8403
Tel 03-6627-0234
Fax 03-6627-0244",S,S,"M
D","Desirably
under 30",Asian countries,"About 6
designated
universities in
Kanto region
(Consult the
international
student adviser)","Medical
Sciences,
Pharmaceutics,
Chemistry",N,N,,100/M,2y(Apr.-),"Nov. 1
-Dec. 20","D, I",2-5,3/5
IV. Private Foundations,9,"The Iwatani Naoji Foundation
（公財）岩谷直治記念財団","The Iwatani International
Scholarships","Hibiya Kokusai BLDG. 18F,
Uchisaiwaicho2-2-3, Chiyoda-ku,
Tokyo 100-0011
Tel 03-6225-2400
Fax 03-6910-2980
www.iwatani-foundation.or.jp/
information@iwatani-foundation.
or.jp",Ｆ,Ｆ,M,under 30,"East Asia,
Southeast Asia",−,"Natural
Science",N,N,,"150/M
Other","Within 2y
(Apr.-)",Dec. 1-20,"D, I",About 20,21/258
IV. Private Foundations,10,"Inner Trip Foundation
（公財）インナートリップ
国際交流協会",,"1-9-8 Azabudai, Minato-ku,
Tokyo, 106-0041
Tel 03-3585-2533
Fax 03-5563-2547
www.itf.or.jp
info@itf.or.jp",F,S,U(3-4),"30 or
under","Asia (Southeast
Asia, South Asia,
Central Asia, West
Asia, Mongolia,
Taiwan),
Latin America","Greater Tokyo
Area",−,Y 50/M,N,"University president's
recommendation
Participation in
monthly scholar
gatherings
Smoothly Japanese
communication
skills (JLPT N2 or
equivalent or higher
recommended)",50/M,"2y(April-)
(up to 24m)","Dec. 1
-Feb. 28","D, I",About 8,8/9
IV. Private Foundations,11,"The Urakami Scholarship
Foundation
（公財）浦上奨学会","Scholarship for Asian
Students","Ryobi Limited 762 Mesaki-cho,
Fuchushi,
Hiroshima 726-8628
Tel 0847-41-1140
Fax 0847-41-5111
urakamishougakukai@ryobi-group.
co.jp",S,S,"U
M
D","35 or
under","China(Dalian),
Thailand",Hiroshima U,−,N,N,"School
recommendation
required",100/M,1y,Mar.,"D, I",2,1/1
,,,,,,,,,,,,,,,,,,,,
IV. Private Foundations,12,"SGH Foundation
（公財）SGH 財団",,"9F YASAKA Shijo Karasuma Bldg.,
79 Kankobokocho,
Muromachi Higashi Iru, Shijodori,
Shimogyoward,
Kyoto-city, Kyoto 600-8009
Tel 075-255-9310
Fax 075-255-9311",S,S,U(3),Under 27,"Indonesia,
Singapore,
Malaysia,
Thailand, Brunei,
Cambodia,
Myanmar,
Viet Nam,
Philippines, Laos",−,−,N,N,,120/M,"2y
(Apr.-Mar.)","Feb. 1
-Apr. 17",D,20,25/79
IV. Private Foundations,13,"The Emori Asian Student
Scholarship Foundation
（公財）江守アジア留学生
育英会",,"NICCA CHEMICAL Co., Ltd. 4-23-1
Bunkyo, Fukui-city, Fukui 910-8670
Tel 0776-25-8550
Fax 0776-25-4798",S,S,U(1-4),under 30,Asia,"National and
public universities
in Fukui pref.",−,N,N,"Students who are
already or to be
enrolled in school
as of Apr. 1",70/M,"1y
(Apr.-Mar.)","Apr.-
Mid May","D, I",20〜22,7/8
,,,,,,,,,,,,,,,,,,,,
IV. Private Foundations,15,"Otsuka Toshimi Scholarship
Foundation
（公財）大塚敏美育英奨学財団",,"3-2-27 Otedori, Chuo-ku, Osaka-city
Osaka 540-0021
Tel 06-6105-0870
www.otsukafoundation.org",S,S,"M
D","38 or
under",−,"about 50
designated
universities","Fields directly
related to Human
Health(Medicine,
Dentistry,
Pharmacology,
Engineering),
Business
Administration",N,N,,"2000/Y,
1500/Y,
1000/Y",1y,Oct.-Nov.,"D, I","100
(expected
number)","93
(grantees
2024)"
IV. Private Foundations,16,"Okamoto Scholarship
Foundation
（公財）岡本国際奨学交流財団",,"1-19-11 Midori-cho, Inage-ku,
Chiba-shi, Chiba 263-0023
Tel 043-248-8808
Fax 043-238-4138
www.osf-family.com/
osf-midori1911@coda.ocn.ne.jp",F,F,"D
M
U(3-4)",−,−,Chiba pref.,−,"Y
（50/m）",N,"Residents
of Chiba pref.",80/m,2y,"Mid Dec.-
Jan.","D,I",Not fixed,−
IV. Private Foundations,17,"Odakyu Foundation
（公財）小田急財団","Ando Kinen Syougakukin
Scholarship","2-2 Megumichou, Ebina-city,
Kanagawa 243-0489
Tel 046-236-2577
Fax 046-236-2578
www.odakyu-zaidan.or.jp/
scholarship/index_en.html
o-zaidan@odakyu-dentetsu.co.jp","S
・
F",S,"M
D",−,−,"3 designated
universities
(Contact the
Foundation)",−,Y,N,,30/M,2y,Apr.-May,D,"3
(Designated
Schools)",3/3
IV. Private Foundations,18,"Kajima Ikueikai
（公財）鹿島育英会",,"6-5-11 Akasaka, Minato-ward,
Tokyo 107-8348
Tel 03-5544-1650
Fax 03-5544-1722",S,S,M(1),Under 26,−,"U of Tokyo,
Science Tokyo,
Tohoku U, Kyoto
U, Osaka U,
Waseda U, Tokyo
U of Science,
Tokyo City U","Civil
engineering,
Architectural
engineering,
Science and
engineering",Y,N,"School
recommendation
required",80/M,2y,Apr.,D,8,"8/8
（2024）"
,,,,,,,,,,,,,,,,,,,,
IV. Private Foundations,20,"Kamiyama Scholarship
Foundation
（一財）上山奨学財団",,"4-16-29 Sakae, Naka-ward,
Nagoyacity, Aichi 460-0008
Tel 052-262-5031
Fax 052-262-5036",S,S,"U
M
D",−,−,Aichi pref.,−,Y,N,,200/Y,1y,"Mid Apr.-
May 17","D, I",10,10/35
IV. Private Foundations,21,"Kamei Memorial Foundation
（公財）亀井記念財団",,"3-1-18 Kokubun-cho, Aoba-ward,
Sendai-city, Miyagi 980-8583
Tel 022-264-6239
Fax 022-264-6011
kmfo@kamei.co.jp",S,S,U(3-4),−,−,Miyagi pref.,−,"Y
less than
70/M",N,"Academic advisorʼs
recommendation
required",50/M,"Minimum
years
required for
graduation/
completion",Apr.-May,"D, I",Not fixed,6/6
IV. Private Foundations,22,"Kawanishi Memorial
Shinmaywa Education
Foundation
（公財）川西記念新明和教育財
団",,"1-1 Shinmeiwa-cho, Takarazuka-city,
Hyogo 665-8550
Tel 0798-52-1234
Fax 0798-56-5001",F,S,"M(2)
D(2-)",−,"Asian countries
and
other countries",Hyogo pref.,−,N,N,"School
recommendation
required",50/M,1y,Jan.-Feb.,"D, O",6,5/5
IV. Private Foundations,23,"The Korea Educational
Foundation
（公財）韓国教育財団",,"9F, 2-10-6 Mita, Minato-ward,
Tokyo108-0073
Tel 03-5419-9171
Fax 03-5419-9172
edukofoun1963@kref.or.jp",F,F,"HS
CT",under 30,"Korean, Japanese
majoring in
korean studies",−,−,N,"Y
Permanent
resident","Students with
“Permanent
Residence” visa
from Korea",100/Y,1y,"Apr.-May
(planned)",D,Not fixed,20/42
IV. Private Foundations,24,"The Kambayashi Scholarship
Foundation
（公財）神林留学生奨学会",,"Asia Bunka Kaikan 2-12-13,
Honkomagome, Bunkyo-ku,
Tokyo 113-8642
Tel 03-3946-6236
Fax 03-5981-8445
info@kambayashi-zaidan.or.jp","S
・
F",S,"M
D",−,,"愛知県立芸術大学 茨城大学 お茶の水女子大学
金沢美術工芸大学 京都芸術大学 京都工芸繊維大学
国立音楽大学 国際基督教大学 駒沢大学
信州大学 順天堂大学 女子美術大学
洗足学園音楽大学 多摩美術大学 千葉大学
中央大学 筑波大学 帝京大学
東京大学 東京音楽大学 東京海洋大学
東京科学大学 東京外国語大学 東京経済大学
東京藝術大学 東京造形大学 東京農業大学
東京農工大学 東邦音楽大学 東北工業大学
日本大学 日本女子大学 法政大学
武蔵野音楽大学 武蔵野美術大学 立教大学
早稲田大学",−,N,N,"Recommendation
from the designated
university required",140/M,1y,"Mid Jan.
-Mid Mar.",D,10-15,"11/30
(+
continuation
4)"
,,,,,,,,,,,,,,,,,,,,
,,,,,,,,,,,,,,,,,,,,
IV. Private Foundations,25-2,"Kyoritsu International
Foundation
（一財）共立国際交流奨学財団",Young Steel Scholarship,"Ayabe Building 4F, 2-17-3 Sotokanda,
Chiyoda-ward,
Tokyo 101-0021
Tel 03-5295-0205
Fax 03-5295-0206
kif-info@dormy.co.jp",,,"ST
U",,Korea,,,,,,,,,,2,"2
(grantees)"
,,,,,,,,,,,,,,,,,,,,
IV. Private Foundations,27,"Prefectural University
of Kumamoto International
Postgraduate Scholarship
for Research on Mercury
熊本県立大学水銀研究留学生
奨学金",,"3-1-100 Tsukide, Higashi-ku,
Kumamoto, 862-8502
Tel 096-234-6867
Fax 096-234-6967
www.pu-kumamoto.ac.jp
ciee@pu-kumamoto.ac.jp",F,F,D,"35 or
under","People's Republic
of Bangladesh,
Kingdom of
Cambodia,
People's Republic
of China, India,
Republic of
Indonesia,
Republic of
Iraq, Mongolia,
Republic of the
Philippines，
Kingdom of
Thailand，
Taiwan，
Republic of
Kenya，
Republic of
Seychelles，
United Republic
of Tanzania，
Republic of
Kazakhstan，
Kyrgyz Republic，
Federative
Republic of Brazil","Pref. U of
Kumamoto","Environmental
and Symbiotic
Sciences
(Mercury)",N,N,"For more details,
please refer to the
application guidelines.","150/M，
Transportation
to/from Japan,
Entrance Fee，
Tuition, etc",3y,"Early May-
Mid May","D, W, I",2,2/4
IV. Private Foundations,28,"KDDI Foundation
（公財）KDDI 財団",,"3-10-10 Iidabashi, Chiyoda-ku,
Tokyo 102-8460
grant@kddi-foundation.or.jp",S,S,"M
D","35 or
under","Limited to
target countries","43 designated
universities
(contact the
school)","Telecommun-
ications
in the fields of
Law, Politics,
Economics,
Society,
Culture and
Technology",Y 100/M,N,,"Up to
100/ M",6m or 12m,"Aug.
(planned)",D,10,13/32
,,,,,,,,,,,,,,,,,,,,
,,,,,,,,,,,,,,,,,,,,
IV. Private Foundations,31,"International Kyowa
Scholarship Foundation
（公財）国際協和奨学会",,"2-4-7-201 Nagata-cho, Chiyoda-ward,
Tokyo 100-0014
Tel 03-3580-2469
Fax 03-3580-6078",F,S,"CT
ST
U
M
D",−,−,"Schools in Tokyo
and its environs",−,N,N,,120/M,Up to 2y,Nov.,"D, I, O",5,"5
(grantees)"
IV. Private Foundations,32,"International Human resource
Network Organization
Foundation（IHNO）
（公財）国際人材交流支援機構",,"2-17-17, Nagata-chou, chiyoda-ku,
Tokyo 100-0014
Tel 03-6550-8811
Fax 03-6550-8822",F,F,"UJ
JL
ST
JC
A
U
R
M
D
P",−,−,Contact the school,−,N,N,"Students/international
students who follow
the rules of
Article 19 of
the Immigration
Control Act",30/M,2y,"Please
inquire
at any time",D,Not fixed,"380
/500"
IV. Private Foundations,33,"The International Foundation
for Japanese Studies
（一財）国際日本文化研究
交流財団",,"3-2 Oeyama-cho, Goryo,
Nishikyoward,
Kyoto-city, Kyoto 610-1102
Tel 075-332-1868 Fax 075-333-1565
www.zai-nichibun.jp/ryugaku.html",S,S,D,−,−,"19 designated
universities
in Kyoto
(Contact
the school.)","Psychology,
Geography,
Sociology,
Politics,
Anthropology,
History of
Scientific
Technology,
Philosophy,
History,
Literature,
Economics",N,N,"Fluent Japanese
communication skills
are required
School
recommendation
required",100/M,within 3y,Apr.,D,2,2/2
,,,,,,,,,,,,,,,,,,,,
,,,,,,,,,,,,,,,,,,,,
,,,,,,,,,,,,,,,,,,,,
IV. Private Foundations,36,"Sato International Cultural
Scholarship Foundation
（公財）佐藤国際文化育英財団",,"31-10 Daikyocho, Shinjuku-ward,
Tokyo 160-0015
Tel 03-3358-6021
Fax 03-3358-6023
http://sato-museum.la.coocan.jp/
english/
sato-museum@nifty.com","F
・
S",S,"U(3)
M(1)
D(1 - 2)","35 or
under",−,"The Aichi
Prefectural U of
Fine Arts, Kyoto
City U of Arts,
Kyoto U of the
Arts, Joshibi U of
Art and Design,
Tokyo U of the
Arts, Musashino
Art U, Tama Art U,
U of Tsukuba,
Hiroshima City U,
Tohoku U of
Art and Design,
Kanazawa C of
Art, Tokyo Zokei
U, Nihon U","Japanese
Paintings, Oil
Paintings,
Prints",Y,N,"Attendance at the
designated meetings
and events is required",30/M,"2y
(Apr.-Mar.)","Apr.- Early
May","D, I",10,10/63
IV. Private Foundations,37,"Sato Yo International
Scholarship Foundation
（公財）佐藤陽国際奨学財団",,"Tamachi Station Tower N, 3-1-1
Shibaura,Minato-ku,
Tokyo 108-0023
Tel 03-6435-3388
Fax 03-6435-3165
https://sisf.or.jp/en/scholarship-2/
foreign-studies-2/self-supporting/
sisf@sato-global.com",S,S,U,−,"Indonesia,
Singapore,
Philippines,
Malaysia, Brunei,
Thailand,
Viet Nam, Laos,
Cambodia,
Myanmar,
India, Sri Lanka,
Maldives,
Pakistan, Nepal,
Bhutan,
Bangladesh，
Timor-Leste",−,−,N,N,"Must attend a
bimonthly cultural
exchange meeting",180/M,"Max 2y
(range of
a single
degree
course)","(1)May-Aug.
(planned)
(2)Nov.-Jan.
(planned)","D, I","(1)About
15
(2)A few","(1)
12/91
(2)
13/100"
IV. Private Foundations,38,"Shiiki Masakazu Memorial
Scholarship for Asian Student
（公益信託）椎木正和記念
アジア留学生奨学基金",,"Solution Business Division,
The Bank of Fukuoka Ltd.,
1-8-3 Otemon Chuoward,
Fukuoka-city, Fukuoka 810-8693
Tel 092-723-2291",S,S,"M
D",−,Asia,Fukuoka pref.,−,N,N,,600/Y,1y,"Mid Mar.-
Mid May",D,6,6/19
IV. Private Foundations,39,"College Women's Association
of Japan (CWAJ)
（社）CWAJ","Graduate Scholarship for
Non-Japanese Women to
Study in Japan","CWAJ Scholarship Committee
2-24-13-601 Kami-osaki,
Shinagawa-ward, Tokyo 141-0021
https://cwaj.org/scholarship/
graduate-scholarship-for-non-
japanese-women-to-study-in-japan-
njg/
scholarshipinquiry@cwaj.org",F,F,D,−,−,−,−,Y 1500/Y,N,"Women
must be living in Japan
at the time an application
is submitted",2000/Y,1y,"Early July-
Early Oct.",D.I,2,"2
(Grantees)"
IV. Private Foundations,40,"Shunju Scholarship Foundation
（公財）春秋育英会",,"7F AD-C Kanda,28-1,
Konyacho,Kanda,Chiyoda-
ward,Tokyo 101-0035
Tel 03-6260-7412
Fax 03-6260-7413",F,S,U,"30 or
under",Southeast Asia,−,−,Y,N,,30/M,"Up to
graduation
/completion","Early Apr.-
Mid May",D,"Please
contact the
school /
foundation",4/4
IV. Private Foundations,41,"Syunpu Dormitory
（公財）春風学寮",One Seed Scholarship,"5-3-12 Kyodo, Setagaya-ward, Tokyo
156-0052
Tel 03-3425-6427
https://gakuryo.org
shunpugakuryo@shunpu.sakura.
ne.jp",F,F,"M
D","35 or
under","China, USA,
Korea,
Southeast Asia",−,−,Y,N,"(1)Respect for and
interest in Christianity
(2)Living with other
Japanese students
in the dormitory
(3)Obeying the
dormitory spirit(love
and trust each other)
and the basic rules
(4)Male","120/M,
from which
you are
supposed
to pay the
monthly
rent and
board
(67/M)","M: 2y
D: 3y","June-Aug.
Jan.-Mar.","D, I",4,1/1
IV. Private Foundations,42,"Senshu Scholarship
Foundation
（公財）千趣留学生奨学財団",,"3-1-1 Kaigandori chuouku Kobe-city,
Hyogo 650-0024
Tel 078-335-2177 Fax 078-335-2178
senshu@issf.or.jp",S,F,"U
M
D",−,"East and
Southeast Asia",Hyogo pref.,−,N,N,"Japanese language
ability required",100/M,"Minimum
years
required for
graduation/
completion",Mar.,I,20,20/40
IV. Private Foundations,43,"Frances & Sachio Semmoto
Foundation
（公財）千本財団",Semmoto Scholarship,"2-2-1-18F Kyobashi, Chuoku, Tokyo
104-0031
Tel 03-5656-5297
Fax 03-3516-6261
https://semmoto.or.jp/en-
scholarship-system#a1
admin@semmoto.or.jp","F
・
S","F
・
S",M,Under 29,"Laos, Cambodia,
Myanmar,
Indonesia,
Vietnam,
Philippines,
Thailand,
Malaysia, USA","Hokkaido U,
Tohoku U,
U of Tokyo,
Nagoya U,
Kyoto U,
U of Osaka,
Kyushu U,
Science Tokyo,
Hitotsubashi U,
U of Tsukuba,
Kobe U,
Waseda U,
Keio U,
International
Christian U,
Sophia U",−,Y,Y,"A letter of
recommendation from
the university
is required.",120/M,1y,Late Jan.,"D,I",5,4/24
IV. Private Foundations,44,"Sojitz Foundation
（公財）双日国際交流財団",,"2-1-1 Uchisaiwaicho , Chiyoda-ward,
Tokyo 100-8691
Tel 03-6871-2800 Fax 03-6871-5561
sojitz-zaidan@sojitz.com",S,S,U(3-4),Under 30,−,"Hokkaido U,
Tohoku U,
U of Tsukuba ,
U of Tokyo,
Science Tokyo,
Hitotsubashi U,
Waseda U,
Keio U, Sophia U,
Yokohama
National U,
Nagoya U,
Kyoto U,
U of Osaka,
Kobe U,
Kyushu U,
Ritsumeikan Asia
Pacific U,
Chiba U,
Okayama U,
Hiroshima U,
Kumamoto U,
International U of
Japan",−,N,N,"School
recommendation
required
Japanese language
ability required",70/M,"2y
(Maximum)","Apr. 1
-Mid May",D,10-13,9/21
IV. Private Foundations,45,"TAKASE Scholarship
Foundation
（公財）タカセ国際奨学財団",,"1-10-9 Shimbashi, Minato-ku, Tokyo
105-0004
Tel 03-3571-9401
Fax 03-3571-4622
www.takasesf.or.jp/english/
eguidelines.html
info@takasesf.or.jp",S,S,"U
M
D",−,−,"U of Tsukuba,
Chiba U,
Saitama U,
U of Tokyo,
Science Tokyo,
Tokyo U
of Foregin
Language,
Tokyo U of
Agriculture and
Technology,
Hitotsubashi U,
Keio U,
International
Christian U,
Sophia U,
Waseda U",Y,"Ｙ
30/M",N,"Recommended
student by universities
in Japan",100/M,"1y（you can
reapply for
up to 2y）","July-
Late Aug.",D,13,13/22
,,,,,,,,,,,,,,,,,,,,
IV. Private Foundations,47,"The Korean Scholarship
Foundation
（公財）朝鮮奨学会",,"1-8-1 Nishi Shinjuku, Shinjuku-ku,
Tokyo 160-0023
Tel 03-3343-5757 Fax 03-3344-3947",S,S,"JC
U(1-6)",Under 30,Korea,−,−,Y,Y,"Applicant with
nonstudent
visa
need to apply to
the foundation directly",25/M,1y,"・ Application
by internet
Apr. 10
-May 12","D, I",Not fixed,"369/558
(New
applicants)"
IV. Private Foundations,48,"Tsuzuki international
Scholarship Foundation
（一財）都築国際育英財団","International Student
Scholarship","24-5, Sakuragaoka, Shibuyaku,
Tokyo 150-0031
Tel 03-3464-0831
Fax 03-3464-0835
www.tsuzuki.or.jp/category/info/",S,S,U,Under 30,−,Kanto region,−,"Y
50/M",N,,60/M,1y,"Feb.-
Mid Mar.","D, W",2,3/5
IV. Private Foundations,49,"East Asian Circle of Applied
Technology (EACAT)
（公財）東亜留学生育友会",,"5-6-4 Utsukushigaoka, Aoba-ward,
Yokohama-city, Kanagawa 225-0002
Tel 045-901-3210",F,F,"M
D","35 or
under",Asia,"U of Tokyo,
Science Tokyo,
Yokohama
National U,
Waseda U,
Keio U, Tokyo U
of Agriculture and
Technology,
U of Electro-
Communications,
U of Tsukuba,
Hitotsubashi U","Science,
Technology,
Agriculture,
Humanities",Y,N,"Residents in the
vicinity of Tokyo and
Kanagawa",30/M,1y,Jan.-Feb.,"D, I",10,10/81
IV. Private Foundations,50,"Toka Kyoiku Bunka Koryu
Zaidan
（公財）東華教育文化交流財団",,"8-2-12 Ginza, Chuo-ward, Tokyo
104-0061
Tel 03-3571-7613 Fax 03-3572-5943
info@donghua.or.jp",F,F,"U(3-)
M
D",−,"China, Hong kong,
Macau, Taiwan",−,−,"Y
（50/M）",N,"Junior, Senior,
Master's/ PHD
student",100/M,Within 2y,"Nov. 1-
Nov. 20",D,10,6/174
IV. Private Foundations,51,"Tokio Marine Kagami
Memorial Foundation
（公財）東京海上各務記念財団","Scholarship for ASEAN
Students","1-5-1 Omorikita, Ota-ward, Tokyo
143-0016
Tel 03-3761-6499 Fax 03-3761-5261",S,S,M(1-2),"30 or
under",ASEAN countries,"U of Tokyo,
Institute of
Science Tokyo,
Hitotsubashi U,
Tsukuba U,
Tokyo U of
Foreign Studies,
Waseda U, Keio U,
Sophia U, Kyoto U,
Tohoku U,
Osaka U,
Nagoya U,
Hokkaido U,
Kyushu U",−,N,N,,180/M,"Minimum
years
required for
graduation/
completion","Feb. 1
-Apr. 3","D, I",6,8/13
IV. Private Foundations,52,"TOKYO YWCA
（公財）東京YWCA","“Japanese Mothers for
International Students”
Movement Scholarship","1-8-11, Kandasurugadai, Chiyodaku,
Tokyo 101-0062
Tel 03-3293-5424
Fax 03-3293-5570
www.tokyo.ywca.or.jp/peace/
ryugakusei/scholarship/
ryugakusei@tokyo.ywca.or.jp",F,F,"U(1-2)
ST(1-2)
JC(1-2)",−,−,−,−,360/Y,N,,30/M,1y,"May 7
-May 14","D, I","A few
names",5/66
IV. Private Foundations,53,"TEPCO Memorial Foundation
（公財）東電記念財団",,"Yurakucho Denki Building North 12F,
1-7-1 Yurakucho, Chiyoda-ward,
Tokyo 100-0006",F,F,D,"28 or
under",−,−,"Electricity,
Energy",N,N,,50/M,"Minimum
years
required for
graduation/
completion","Apr. 1
-June 30",D,5,4/21
IV. Private Foundations,54,"Tonen International
Scholarship Foundation
（公財）東燃国際奨学財団",,"Shinkawa-1choume Bldg.
1-2-14 Shinkawa, Chuo-ku,
Tokyo 104-0033
Tel 03-6222-8775",S,S,"M(1)
D","35 or
under",-,"Designated
schools in the
Metropolitan Area",,N,N,"School
recommendation
required",180/M,"1y
（Reapplication
possible）",Early Oct.,"D, I",3,14/14
IV. Private Foundations,55,"Toyoaki Scholarship
Foundation
（公財）豊秋奨学会",,"c/o Toyodaboshoku 1-1 Toyoda-cho,
Kariya-city, Aichi 448-8651
Tel 0566-26-0384 Fax 0566-26-0384",S,S,"M
D(final
year)","35 or
under",China,Aichi pref.,−,N,N,,60/M,1y,"Mid Jan.-
Mid Mar.",D,5,3/3
IV. Private Foundations,56,"Nagashima Bunka Zaidan
（公財）長島文化財団",,"3-42-18 Take, Kagoshima-city,
Kagoshima 890-0045
Tel 099-250-5400
Fax 099-250-5478",F,F,"U
R
M
D",−,Asia,Kagoshima U,−,N,Y,,30/M,"1y
(Apr.-Mar.)","Apr. 20
-May 15",D,Not fixed,0/0
IV. Private Foundations,57,"Japan-Korea Culture
Association
（公財）日韓文化協会",,"403 Ichikawa Buildence, 4-1-7
Takadanobaba, Shinjuku-ward,
Tokyo 169-0075
Tel 03-6844-8408
Fax 03-6844-8546
info@nikkanbunkakyokai.or.jp",F,F,"U(2-4)
M
D",−,Korea,"In and around
Tokyo",−,N,N,,20/M,1y,"Early May-
Mid June","D, I",2,2/3
IV. Private Foundations,58,"JGC-Saneyoshi Scholarship
Foundation
（公財）日揮・実吉奨学会","Grant for International
Students","Seifun Kaikan Building 6F 15-6
Nihonbashikabutocho, Chuoku,
Tokyo 103-0026
Tel 03-3666-8020
Fax 03-3666-8021
www.jgcs.or.jp",S,S,"U
M
D","40 or
under",−,"68 designated
universities
（Contact the
school.）","Science &
Technology",Y,N,"Please contact your
school",300/Y,1y,Apr.-Jun.,D,Not fixed,79/80
IV. Private Foundations,59,"Nitori International Scholarship
Foundation
（公財）似鳥国際奨学財団",,"3-6-20, Kamiya, Kita-ku, Tokyo 115-
0043
Tel 03-3903-3593
www.nitori-shougakuzaidan.com
nitoriKSZ_09@nitori.jp",F,F,U,"4-year
university：
24 or
under,
6-year
university：
26 or
under",−,−,,"Available:
tuition
exemption
(reduction),
temporary
scholarships,
loan-type
scholarships",N,,50-80/M,1y,"Twice a
year,Please
refer to the
website","W,D,I",Max 120,120
IV. Private Foundations,60,"NGK Foundation for
International Students
（財）日本ガイシ留学生基金",NGK Scholarship,"2-56 Suda-cho, Mizuho-ward,
Nagoya, Aichi 467-8530
Tel 052-872-7125
Fax 052-872-7135
www.ngk-insulators.com/en/
sustainability/philanthropy/index.
html",S,S,"U
M
D",Under 35,−,Aichi pref.,−,N,N,,120/M,2y (Max),"Nov.11
-Jan.22","D, I",13,"20/36
(including
extension)"
IV. Private Foundations,61,"Japan Educational Exchanges
and Services(JEES)
（公財）日本国際教育支援協会","JEES International
Scholarship(Study Support)","12F DLX building 1-13-1
Nishishinbashi, Minatoku, Tokyo
105-0003
Educational Exchanges Division
Student Services Department
Tel 03-5454-5274
Fax 03-5454-5242
www.jees.or.jp/
ix@jees.or.jp",S,S,"CT(4-5)
U(2-4)
P
M
D",−,−,−,−,"Y
50/M",N,"Please refer to the
application guidelines
for details",40/M,2y,Apr.-June,D,100,"94
(Grantees)"
,,,,,,,,,,,,,,,,,,,,
IV. Private Foundations,61-2,"Japan Educational Exchanges
and Services(JEES)
（公財）日本国際教育支援協会","JEES Scholarship for the
Japanese Language Study
Support","12F DLX building 1-13-1
Nishishinbashi, Minatoku, Tokyo
105-0003
Educational Exchanges Division
Student Services Department
Tel 03-5454-5274
Fax 03-5454-5242
www.jees.or.jp/
ix@jees.or.jp",,,"JC
U
P
M
D",−,−,−,−,"Y
50/M",−,"Successful candidates
of JLPT conducted
(N1/N2 level).
Someone in need of
financial assistance.
Please refer to the
application guidelines
for details",50/M,2y,Apr.-June,D,80,"82
(Grantees)"
IV. Private Foundations,61-3,"Japan Educational Exchanges
and Services(JEES)
（公財）日本国際教育支援協会","JEES Scholarship for the
Promotion of Japanese
Language Learning","12F DLX building 1-13-1
Nishishinbashi, Minatoku, Tokyo
105-0003
Educational Exchanges Division
Student Services Department
Tel 03-5454-5274
Fax 03-5454-5242
www.jees.or.jp/
ix@jees.or.jp",,,"JC
U
P
M
D",−,−,−,−,"Y
50/M","Y/
Permanent
Resident","Successful candidates
of JLTCT .
Please refer to the
application guidelines
for details",50/M,2y,Apr.-June,D,30,"26
(Grantees)"
IV. Private Foundations,61-4,"Japan Educational Exchanges
and Services(JEES)
（公財）日本国際教育支援協会","JEES・Jinnai International
Student Scholarship
(JEES Sponsor-Crowned
Scholarship)","12F DLX building 1-13-1
Nishishinbashi, Minatoku, Tokyo
105-0003
Educational Exchanges Division
Student Services Department
Tel 03-5454-5274
Fax 03-5454-5242
www.jees.or.jp/
ix@jees.or.jp",,,M(1),−,−,"Kagawa U
(Contact the
university)",Agriculture,"Y
50/M",N,"Please refer to the
application guidelines
for details",100/M,2y,May-July,D,2,"2
(Grantees)"
IV. Private Foundations,61-5,"Japan Educational Exchanges
and Services(JEES)
（公財）日本国際教育支援協会","JEES・Tohkoh Jushi
International Student
Scholarship
(JEES Sponsor-Crowned
Scholarship)","12F DLX building 1-13-1
Nishishinbashi, Minatoku, Tokyo
105-0003
Educational Exchanges Division
Student Services Department
Tel 03-5454-5274
Fax 03-5454-5242
www.jees.or.jp/
ix@jees.or.jp",,,"U
M
D",−,−,"Designated
schools (Contact
the school)",Environment,"Y
50/M",N,"Please refer to the
application guidelines
for details",80/M,1y,Feb.-May,"D, I",1,"0
(Grantees)"
IV. Private Foundations,61-6,"Japan Educational Exchanges
and Services(JEES)
（公財）日本国際教育支援協会","International Student
Scholarship
(JEES Sponsor-Crowned
Scholarship)","12F DLX building 1-13-1
Nishishinbashi, Minatoku, Tokyo
105-0003
Educational Exchanges Division
Student Services Department
Tel 03-5454-5274
Fax 03-5454-5242
www.jees.or.jp/
ix@jees.or.jp",S,S,"U(3)
P
M
D",−,−,"Designated
schools (Contact
the school)","Humanities,
Social
Science,
Science,
Engineering","Y
50/M",N,"Please refer to the
application guidelines
for details",100/M,2y,Oct.-Dec.,D,15,"15
(Grantees）"
IV. Private Foundations,61-7,"Japan Educational Exchanges
and Services(JEES)
（公財）日本国際教育支援協会","JEES・Makita-Jinʼichi
International Scholarship
Foundaion
(JEES Sponsor-Crowned
Scholarship)","12F DLX building 1-13-1
Nishishinbashi, Minatoku, Tokyo
105-0003
Educational Exchanges Division
Student Services Department
Tel 03-5454-5274
Fax 03-5454-5242
www.jees.or.jp/
ix@jees.or.jp",S,S,"U
M
D",−,−,"Ritsumeikan Asia
Pacific U（APU）
(Contact the
university)",−,"Y
50/M",N,"Please refer to the
application guidelines
for details",100/M,2y,Sep.-Jan.,D,7,"10
(Grantees）"
IV. Private Foundations,61-8,"Japan Educational Exchanges
and Services(JEES)
（公財）日本国際教育支援協会","Seiho Scholarship
(JEES Sponsor-Crowned
Scholarship)","12F DLX building 1-13-1
Nishishinbashi, Minatoku, Tokyo
105-0003
Educational Exchanges Division
Student Services Department
Tel 03-5454-5274
Fax 03-5454-5242
www.jees.or.jp/
ix@jees.or.jp",S,S,"U(3)
P(1)
M(1)",−,"China,Taiwan,
Korea,Indonesia,
Malaysia,
Thailand,
Singapore,
Brunei,
Philippines,
Vietnam, Laos,
Cambodia,
Myanmar,
Sri Lanka,
Bangladesh,
Mongolia, Bhutan,
Nepal, India,
Pakistan,
East Timor,
Maldives","Designated
schools (Contact
the school)",−,"Y
50/M",N,"Please refer to the
application guidelines
for details",100/M,2y,Oct.-Dec.,"D, I",8,"7
（Grantees）"
IV. Private Foundations,61-9,"Japan Educational Exchanges
and Services(JEES)
（公財）日本国際教育支援協会","JEES・MHI Mirai
Scholarship
(JEES Sponsor-Crowned
Scholarship)","12F DLX building 1-13-1
Nishishinbashi, Minatoku, Tokyo
105-0003
Educational Exchanges Division
Student Services Department
Tel 03-5454-5274
Fax 03-5454-5242
www.jees.or.jp/
ix@jees.or.jp",S,S,M(1),−,−,"Designated
schools（Contact
the school)","Chemistry,
Electrical and
Electronic
Engineering,
Nuclear
Power
Engineering,
Information,
Metals &
Materials","Y
50/M",N,"Female Student
Please refer to the
application guidelines
for details",120/M,"Minimum
years
required for
graduation/
completion",Feb.-May,"D, I",3,"3
（Grantees）"
IV. Private Foundations,61-10,"Japan Educational Exchanges
and Services(JEES)
（公財）日本国際教育支援協会","JEES・T.Banaji Indian
Students Scholarship
(JEES Sponsor-Crowned
Scholarship)","12F DLX building 1-13-1
Nishishinbashi, Minatoku, Tokyo
105-0003
Educational Exchanges Division
Student Services Department
Tel 03-5454-5274
Fax 03-5454-5242
www.jees.or.jp/
ix@jees.or.jp",S,S,"U
P
Ｍ
Ｄ",−,India,"Designated
schools (Contact
the school)",−,"Y
50/M",N,"Please refer to the
application guidelines
for details",100/M,"Minimum
years
required for
graduation/
completion",Oct.-Jan.,D,5,"6
（Grantees）"
IV. Private Foundations,61-11,"Japan Educational Exchanges
and Services(JEES)
（公財）日本国際教育支援協会","IUCHI Scholarship for
Myanmarese Students
(JEES Sponsor-Crowned
Scholarship)","12F DLX building 1-13-1
Nishishinbashi, Minatoku, Tokyo
105-0003
Educational Exchanges Division
Student Services Department
Tel 03-5454-5274
Fax 03-5454-5242
www.jees.or.jp/
ix@jees.or.jp",S,S,U(1),Under 22,Myanmar,"Designated
schools (Contact
the school)",−,N,N,"Please refer to the
application guidelines
for details",110/M,"Minimum
years
required for
graduation/
completion",Mar.-Apr.,D,2,"3
（Grantees）"
IV. Private Foundations,61-12,"Japan Educational Exchanges
and Services(JEES)
（公財）日本国際教育支援協会","Sumitomo Corporation Oman
International Scholarship
Program
(JEES Sponsor-Crowned
Scholarship)","12F DLX building 1-13-1
Nishishinbashi, Minatoku, Tokyo
105-0003
Educational Exchanges Division
Student Services Department
Tel 03-5454-5274
Fax 03-5454-5242
www.jees.or.jp/
ix@jees.or.jp",S,S,M,−,Oman,"Designated
schools (Contact
the school)",−,N,N,"Please refer to the
application guidelines
for details",152/M,"Minimum
years
required for
graduation/
completion","Mar.-Apr.
Sep.-Nov.",D,2,"2
（Grantees）"
IV. Private Foundations,61-13,"Japan Educational Exchanges
and Services(JEES)
（公財）日本国際教育支援協会","TAISEI Scholarship for
International Students
(JEES Sponsor-Crowned
Scholarship)","12F DLX building 1-13-1
Nishishinbashi, Minatoku, Tokyo
105-0003
Educational Exchanges Division
Student Services Department
Tel 03-5454-5274
Fax 03-5454-5242
www.jees.or.jp/
ix@jees.or.jp",S,S,"U
P
M",−,"Vietnam,
Indonesia,
Thailand,
Philippines,
Malaysia,
Myanmar","Designated
schools (Contact
the school)","Architecture
and Civil
Engineering","Y
50/M",N,"Please refer to the
application guidelines
for details",150/M,"Minimum
years
required for
graduation/
completion",Oct.-Dec.,"D, I",4,"6
(Grantees）"
IV. Private Foundations,61-14,"Japan Educational Exchanges
and Services(JEES)
（公財）日本国際教育支援協会","JEES・JX Nippon
International Scholarship
(Indonesia)
(JEES Sponsor-Crowned
Scholarship)","12F DLX building 1-13-1
Nishishinbashi, Minatoku, Tokyo
105-0003
Educational Exchanges Division
Student Services Department
Tel 03-5454-5274
Fax 03-5454-5242
www.jees.or.jp/
ix@jees.or.jp",S,S,"U(5-6)
P
M",−,Indonesia,"Designated
schools（Contact
the school)",−,−,N,"Please refer to the
application guidelines
for details","80/M
200/Y",Up to 2y,Aug.-Oct.,D,2,"1
(Grantees)"
IV. Private Foundations,61-15,"Japan Educational Exchanges
and Services(JEES)
（公財）日本国際教育支援協会","JEES・Aoki Corporation
International Scholarship
(JEES Sponsor-Crowned
Scholarship)","12F DLX building 1-13-1
Nishishinbashi, Minatoku, Tokyo
105-0003
Educational Exchanges Division
Student Services Department
Tel 03-5454-5274
Fax 03-5454-5242
www.jees.or.jp/
ix@jees.or.jp",S,S,"P
M
D",−,−,"Designated
schools（Contact
the school)",−,"Y
50/M",N,"Please refer to the
application guidelines
for details",100/M,1y,Oct.-Dec.,D,11,"11
（Grantees）"
IV. Private Foundations,61-16,"Japan Educational Exchanges
and Services(JEES)
（公財）日本国際教育支援協会","JEES・Jinnai International
Understanding Scholarship
(JEES Sponsor-Crowned
Scholarship)","12F DLX building 1-13-1
Nishishinbashi, Minatoku, Tokyo
105-0003
Educational Exchanges Division
Student Services Department
Tel 03-5454-5274
Fax 03-5454-5242
www.jees.or.jp/
ix@jees.or.jp",S,S,"U
M
D",−,−,"Designated
schools（Contact
the school)",−,"Y
50/M",N,"Please refer to the
application guidelines
for details",50/M,1y,Oct.-Dec.,D,6,"6
（Grantees）"
IV. Private Foundations,61-17,"Japan Educational Exchanges
and Services(JEES)
（公財）日本国際教育支援協会","JEES・Johnson Controls
Scholarship
(JEES Sponsor-Crowned
Scholarship)","12F DLX building 1-13-1
Nishishinbashi, Minatoku, Tokyo
105-0003
Educational Exchanges Division
Student Services Department
Tel 03-5454-5274
Fax 03-5454-5242
www.jees.or.jp/
ix@jees.or.jp",S,S,"CT(4-5,
Advanced
course 1-2)",−,−,"Designated
schools（Contact
the school)",−,"Y
50/M","Y/
Permanent
Resident","Please refer to the
application guidelines
for details",50/M,1y,Feb.-May,D,4,"4
(Grantees)"
IV. Private Foundations,61-18,"Japan Educational Exchanges
and Services(JEES)
（公財）日本国際教育支援協会","JEES・Mitsubishi Tanabe
Pharma Corporation
Scholaship for Medical and
Pharmacy Students
(JEES Sponsor-Crowned
Scholarship)","12F DLX building 1-13-1
Nishishinbashi, Minatoku, Tokyo
105-0003
Educational Exchanges Division
Student Services Department
Tel 03-5454-5274
Fax 03-5454-5242
www.jees.or.jp/
ix@jees.or.jp",S,S,U,−,−,"Designated
schools（Contact
the school)","Medical ,
Pharmacy","Y
50/M","Y/
Permanent
Resident","Please refer to the
application guidelines
for details",150/M,"Minimum
years
required for
graduation/
completion",Apr.-July,D,10,"10
(Grantees)"
IV. Private Foundations,62,"JAPAN TAIWAN EXCHANGE
ASSOCIATION
（公財）日本台湾交流協会",(Application in Japan),"7F Aoba Roppongi Bldg. 3-16-33
Roppongi, Minato-ward, Tokyo
106-0032
Tel 03-5573-2600 Fax 03-5573-2601",F,F,"M
D
P","Under
35",Taiwan,−,−,N,N,,"144/M-
148/M,
One way
air ticket,
Tuition, etc.","Minimum
period
required for
graduation
of master
or doctor
course","Early Aug.
-Late Oct.",D,Not fixed,"59/127
（2023）"
IV. Private Foundations,63,"NOMURA FOUNDATION
（公財）野村財団",,"Toyosu Bayside Cross Tower
2-2-1, Toyosu, Koto-ku, Tokyo
135-0061
Tel 03-6741-6320
www.nomurafoundation.or.jp/en/
category_topscholar",F,F,"M
D","35 or
under",−,"U of Tokyo,
Hitotsubashi U ,
Kyoto U, Osaka U,
Waseda U, Keio U","Social
Science,
Humanities","Y
50/M",N,"Fill out the date of
the examination
result announcement
if the application is
submitted before
the school admission",200/M,2y,Sep.,"D, I",10,Closed
IV. Private Foundations,64,"Hashiya Scholarship
Foundation
（公財）橋谷奨学会",,"3-17 Higashi Kasai, Edogawa-ward,
Tokyo 134-0084
Tel 03-3689-1120 Fax 03-3689-3120
www.tsukishima.co.jp/zaidan/
hashiya-scholarship@tsukishima.
co.jp",S,S,"ST
JC
U
R
M
D",−,Indonesia,−,−,N,N,"School
recommendation
required",100/M,"Minimum
years
required for
graduation/
completion","Mid
Nov.- Jan.","D, I",Some,3/5
IV. Private Foundations,65,"Hasegawa International
Scholarship Foundation
（公財）長谷川留学生奨学財団",,"Wakamatsu building F7, 3-3-6,
Nihonbashi-honcho, Chuo-ku,
Tokyo 103-0023
Tel 03-5205-7551
www.hasegawa-zaidan.or.jp/
office@hasegawa-zaidan.or.jp",S,S,"JC
U
M
D",−,Asia,Tokyo,−,"Y
(Excluding
government-
sponsored
students)",N,"Residents of Tokyo
School
recommendation
is required
(individual application
is not possible)
Communication in
Japanese is required","JC・U
100/M
M 120/M
D 150/M",Up to 2y,"Mid Oct.-
Mid Nov.","D, I",40-50,"42/67
(2024)"
,,,,,,,,,,,,,,,,,,,,
IV. Private Foundations,67,"Fast Retailing Foundation
(FRF)
（一財）ファーストリテイリン
グ財団","FRF Scholarship for Studying
in Japan for Vietnamese","Midtown Tower, 9-7-1 Akasaka,
Minato-ku, Tokyo 107-6231
www.fastretailing-foundation.or.jp/
eng/
FR-Vietnam_Scholarship@
fastretailing-foundation.or.jp",F,F,U,"19 or
under",Vietnam,"Designated
schools（Refer to
the website）",−,N,N,,"Max
4000/y
（Refer
to the
website）","4y-4.5y
（Refer
to the
website）","July -
Late Aug.","D,I",10,−
IV. Private Foundations,68,"Heiwa Nakajima Foundation
（公財）平和中島財団","Scholarship for Foreign
Students in Japan",Please contact your school directly,S,S,U(2-4),−,−,−,−,N,N,,120/M,1y,"Early Sep.-
End of Oct.",D,70,70/293
IV. Private Foundations,69,"Benesse Corporation
（株）ベネッセコーポレーショ
ン","JAPAN STUDY SUPPORT
Scholarships","2-1-1, Nishi-Shinjuku, Shinjuku-ku,
Tokyo 163-0415
www.jpss.jp/en/my/scholarship/
application/
inquiry@abk.or.jp",F,F,"U
M
D",−,−,−,−,"Y
100/Y",N,"Application
requirements
will be updated
on JPSS website",100/Y,1y,"July 1 -
Aug.31","D, I",2,−
IV. Private Foundations,70,"Horse Future Welfare
Foundation
（公財）ホース未来福祉財団","Scholarship for Foreign
Students","2-17-8, Minamiyukigaya,Ota-ku,
Tokyo 145-0066
Tel 03-3720-5800
Fax 03-4496-4948
https://horse-fw.or.jp
info@horse-fw.or.jp",F,F,"ST(2 -）
JC(2 -）
U(2 -）",−,−,"Tokyo
Metropolitan",−,Y,N,,35/M,"Minimum
years
required for
graduation/
completion","Mar.15-
May 15
(plan)",D,TBD,2/9
IV. Private Foundations,71,"Honjo International
Scholarship Foundation
（公財）本庄国際奨学財団",,"1-14-9 Tomigaya, Shibuya-ward,
Tokyo 151-0063
Tel 03-3468-2214 Fax 03-3468-2606
www.hisf.or.jp/en/scholarship/
foreigner/info@hisf.or.jp",F,F,D,"Must start
the course
by the age
of 35",−,−,−,N,Y,"Recipients are
required to work in
home country after
graduation",180/M,4y-5y,Sep.-Oct.,"D, I","Appro
ximately
ten","Fall
Scholarship:
6/464
Spring
Scholarship:
4/321"
IV. Private Foundations,72,"M. Maeda Memorial Trust
（公益信託）前田増三記念
奨学基金",,"Sumitomo Mitsui Trust Bank，
Private Asset Management
Department，Public Trust Group
3-33-1 Shiba, Minato-ward, Tokyo
105-8574
Tel 03-5232-8910",S,S,M(1-2),under 30,−,"U of Tokyo, Chiba
U, Keio U, Waseda
U, Tokyo U of
Foreign Studies","Cultural
Sciences,
Social Science",Y 100/M,N,"University
recommendation
required",50/M,2y,June 2,D,2,2/5
IV. Private Foundations,73,"Miura Educational Foundation
（公財）三浦教育振興財団",,"1-1-2 Ote-machi, Matsuyama,
Ehime 790-0067
Tel 089-932-0020
Fax 089-932-1414
www.miura-fdn.com/scholarship/","F
・
S",F,"HS
CT",−,−,Ehime pref.,−,Y,N,"University
recommendation
required",35/M,"Minimum
years
required for
graduation/
completion","Around
Feb.
(enrolled
students)
Around
Apr. (new
students)",D,55,15/16
IV. Private Foundations,74,"Miki Takeo Kokusaiikuei Kikin
（公益信託）三木武夫国際育英
基金",,"2-24-1, Nishisenbacho,
Tokushimacity, Tokushima
770-8601
Tel 088-656-7739
Fax 088-623-3549",S,S,"CT
JC
U
R
M
D",−,−,Tokushima pref.,−,Y,N,"Residents in
Tokushima",300/Y,1y,"Apr. 1-
Early May",D,1-4,5/13
IV. Private Foundations,75,"Mizuho International
Foudation
（公財）みずほ国際交流
奨学財団",,"1-6-1 Marunouchi, Chiyoda-ku,
Tokyo100-0005
Tel 03-5288-5906
Fax 03-5288-3134
http://mizuhokokusai.la.coocan.jp/
report2.html
fbifyume@mb.infoweb.ne.jp",S,S,"U
R
M
D","35 or
under",−,−,"Social
Science or
Humanities,
Technology",N,N,,120/M,2y,May-June,"D, I",14,14/35
IV. Private Foundations,76,"Mitani Scholarship Foundation
（公財）三谷育英会",Mitani Scholarship,"16-1 Syowa-machi, Kanazawa-city,
Ishikawa 920-0856
Tel 076-233-2303 Fax 076-265-6880",S,S,"U
M
D","35 or
under",−,"Kanazawa U,
Fukui U, JAIST,
Toyama U","Technology,
Law,
Economics,
Management",Y 10/M,N,,53/M,"Minimum
years
required for
graduation/
completion","Apr.-
Early May",D,Not fixed,3/14
IV. Private Foundations,77,"Mitsubishi Gas Chemical
Memorial Foundation
（公財）三菱ガス化学記念財団",,"2-5-2 Marunouchi, Chiyoda-ku,
Tokyo 100-8324
Tel 03-3283-5047
www.mgc.co.jp/foundation/
activities/",S,S,"D
M
U(1-4)",−,"Indonesia,
Cambodia,
Singapore,
Thailand,
Philippines,
Brunei,Vietnam,
Malaysia,
Myanmar,Laos","U of Tokyo,
Science Tokyo,
Tokyo U of
Science,
Keio U,Waseda U,
Tohoku U,
U of Tsukuba,
Kyoto U,Osaka U","Majors related
to Chemistry
or Chemical
engineering
(Majors that
include chemical
approaches)","Available:
tuition
exemption
(reduction),
temporary
scholarships",N,"School
recommendation
required,
Japanese
communication
skills are required
(Equivalent to N3
level or above of
Japanese Language
Proficiency Test),
Attendance at
exchange meeting is
required","U150/M
M180/M
D200/M","Minimum
years
required for
graduation/
completion
（Continuation
of further
study
possible）","Mid Feb.-
Mid May
Mid July-
Early Oct.","D,I","Spring 4
Autumn 2","Spring3/2
Autumn
2/4"
IV. Private Foundations,78,"Mitsubishi UFJ Foundation
（公財）三菱 UFJ 国際財団","Mitsubishi UFJ Foundation
Scholarship","Mitsubishi UFJ Foundation
2-4-3 Shiba, Minato-ward, Tokyo
105-0014
Tel 050-3649-8859",S,S,"M
D","30 or
under",,"U of Tokyo,
Hitotsubashi U,
Waseda U, Keio U",−,N,N,,130/M,1y,May,"D, I",Up to 12,12/12
IV. Private Foundations,79,"The Mitsubishi UFJ Trust
Scholarship Foundation
（公財）三菱 UFJ 信託奨学財
団","The Mitsubishi UFJ Trust
Scholarship Foundation
Scholarship","Nihombashi building 3F
2-2-4 Nihombashi, Chuo-ward,
Tokyo 103-0027
Tel 03-3275-2215
Fax 03-3275-2409
www.scholarship.or.jp/english/
program/contents/en_application.
html
office@scholarship.or.jp
info@scholarship.or.jp",S,S,U(2-4),"31 or
under",−,"Designated
schools(Refer to
the website)",−,Y,N,"School
recommendation
required",75/月,"Minimum
years
required for
graduation/
completion",Mar.-May,D,"Same as
last year","6/6
(2024)"
IV. Private Foundations,80,"Moriya Foundation
（公財）守屋留学生交流協会",Moriya Scholarship,"3-29 Kanda Jimbocho, Chiyoda-ku,
Tokyo 101-0051
Tel 03-3263-7952 Fax 03-3262-7770",S,S,"M(1)
D",under 35,Asia,"Komazawa U,
Sophia U,
Meiji U,
Tokyo Metropolitan U,
Takushoku U,
Tokyo Gakugei U,
Tokyo U of
Foreign Studies,
Waseda U,
Rikkyo U,
Aoyama Gakuin U,
ICU","Geography,
History,
Pedagogy,
Social Science",N,N,,100/M,2y (Apr.-),Apr. 1-28,D,6,6/13
IV. Private Foundations,81,"Yamaoka Scholarship
Foundation
（公財）山岡育英会",,"1-27, Chayamachi, Kita-ku, Osaka,
530-0013
Tel 06-6376-6281 Fax 06-6376-8103
yd_ikuei@yanmar.com",S,S,"M(1)
D(2)",Under 35,"East and
Southeast Asia","Ehime U,
Kagoshima U,
Ritsumeikan Asia
Pacific U","Technology,
Agriculture,
Social
Sciences",Y 50/M,N,,100/M,2y,"Mar. 10
-Apr. 10","D, I",4,4/8
IV. Private Foundations,82,"YONEX Sports Foundation
（公財）ヨネックススポーツ振
興財団",Scholarship,"3-23-13 Yushima, Bunkyo-ku,
Tokyo 113-8543
Tel 03-3839-7195
Fax 03-3839-7196
www.yonexsports-f.or.jp
zaidan@yonex.co.jp",F,F,HS,Under 30,−,−,−,Y,N,"1. Students who have
exceptional athletic
ability in sports
2. Junior athletes or
prospective sports
coaches who aim at
promotion of sports
3. Recommendation
letters from school
principal and sports
coach required
*Please refer to the
website for details",Up to 40/M,"1y
(Apr.- Mar.)","Sep.-
Nov.
(Online
Application)",D,about 50,"58(0)/
270(2)
( ) = No.of
Int'l
students"
IV. Private Foundations,83,"Rotary Yoneyama Memorial
Foundation
（公財）ロータリー米山記念
奨学会",,"Kokuryu-Shibakoen-bldg. 3F, 2-6-15
Shiba Koen, Minato-ku, Tokyo
105- 0011
Tel 03-3434-8681
Fax 03-3578-8281
www.rotary-yoneyama.or.jp/
english/scholarships",F,S,"U(3-4)
(5-6;
Medicine,
Dentistry,
Veterinary)","Under 45
at the
commen
cement
of
payment",−,"The designated
schools
for next year
are announced
every Early August
on the website",−,N,N,,100/M,1y or 2y,"Early Aug.-
Oct. 15","D, I
(W:in
some
areas)",about 700,"612/
1202
(2024)"
IV. Private Foundations,84,"Rohm Music Foundation
（公財）ロームミュージック
ファンデーション","Rohm Music Foundation
Scholarship","44 Nishimizosaki-cho, Saiin,
Ukyoku,
Kyoto-city, Kyoto 615-0046
Tel 075-311-7710
Fax 075-311-0089
www.rmf.or.jp/jp/recruitment/
subsidy/index.html",F,F,"HS
JC
U
M
D",−,−,−,Music,Y,Y,"Attendance at Practical
exam and Interview
held around March is
required",300/M,"1y or Up to
graduation
/completion",June-Sep.,"D, I, O",About 30,"30
(Grantees)
(Including
Japanese
students)"
IV. Private Foundations,85,"The Kazuko Watanabe
Memorial Scholarship
Foundation of Notre Dame
（財）渡辺和子記念
ノートルダム育英財団",,"Notre Dame Seishin University
2-16-9 Ifuku-cho, Kita-ward,
Okayama-city, Okayama 700-8516
Tel 086-252-3024 Fax 086-252-3024",S,S,"M
D
U(2-4)
JC",−,−,Okayama pref.,−,N,N,Travel expenses,"M 50/M
D 50/M
U 45/M
JC40/M",1y,"Early Apr.-
Early May
(depends on
the school)","D, I","M about5
D
U about13
JC about4",19/50
IV. Private Foundations,86,"Watanuki International
Scholarship Foundation
（公財）綿貫国際奨学財団",,"5-45 Chibaminato, Chuo-ku, Chiba
city, Chiba 260-0026",S,S,"M
D",−,"East, Southeast,
South Asia,
Oceania, South
Pacific Countries","21 designated
universities
（Contact the
school）",−,N,N,"We do not accept
inquiries from
students",150/M,"1y
(maximum
of 3 years)",Aug.-Oct.,"D, I",About 47,"56
(Grantees)"
V. For Applicants Residing Abroad,1,"Aichi Prefectural
Government
愛知県",Aichi Scholarship Program,"International Affairs Division,
Aichi Prefectural Government
3-1-2 Sannomaru, Naka-ku, Nagoya,
Aichi 460-8501
Tel 052-954-6180 Fax 052-951-2590
www.pref.aichi.jp/soshiki/kokusai/
aichi-scholarship-program.html
kokusai@pref.aichi.lg.jp",S,S,"R(1)
M(1-2)","Under
35 (As of
Apr. 1)",−,Aichi pref.,"Field
recognized
as pertinent
to the support
of Aichi's
industry",N,N,"Applicants must have
the intention to seek
employment at a
company that has its
headquarters, or a
branch office located
within Aichi (whether
or not work placement
should fall in Japan)","Living
allowance
(150/M),
Travel
expense
to Japan,
School
expenses
(entrance
examination
fee，
entrance
fee,tuition)",2.5y,"Late Feb.-
Mid May",D,5,"5
(grantees)"
V. For Applicants Residing Abroad,2,"Akebono Foundation
あけぼの財団",,"5F grandir ginza east, 1-8-2 Shintomi,
Chuo-ku, Tokyo 104-0041
Tel 03-6275-2980
https://akebono-foundation.org/
info@akebono-foundation.org",F,F,"HS
CT
JC
U
R
P
M
D","30 or
under","Hungary, Bulgaria,
Romania, Serbia,
Kosovo,
North Macedonia,
Albania,
Montenegro,
Bosnia-
Herzegovina,
Croatia, Moldova,
Ukraine",−,−,"Y
（200/m）",N,−,200/m,2y,"Mar.
June
Sep.
Dec.","D, I, O",3,3/100
V. For Applicants Residing Abroad,3,"IINPEX Scholarship
Foundation
（公財）INPEX 教育交流財団",INPEX Scholarship,"34th Floor, Akasaka Biz Tower,
Akasaka 5-3-1, Minato-Ku, Tokyo
107-6332
Tel 03-5572-0602 Fax 03-5572-0603
www.inpex-s.com/en/index.php#appli",F,F,"R
M",Under 30,Indonesia,−,"Natural
Science and
Technology",N,N,"Prestigious university
graduates
GPA: more than 3.00","160/M,
Full tuition,
Travel
expense
for the
academic
meetings
(Up to 100/
Y)
Arrival
money 60,
Round trip
ticket, 6
months
Japanese
language
school fee","Within 32m
(including
6m for
studying
Japanese
language)","Aug. 1
-Oct. 31","D, I","Maximum
of 3",3/80
V. For Applicants Residing Abroad,4,"Okazaki Kaheita international
Scholarship Foundation
（公財）岡崎嘉平太国際奨学財
団",,"1-5-2, Higashi-Shimbashi, Minato-ku,
Tokyo 105-7140
Tel 03-6735-5850 Fax 03-6735-5855
www.okazakizaidan.or.jp/en/ en-
info/",S,S,M,Under 25,"China, Thailand,
Indonesia,
Malaysia,
Vietnam,
Myanmar, Taiwan",−,"Excluding
medicine,
dentistry and
veterinary
science",N,N,"Including one year of
Japanese language
study at a Japanese
language school
specified by the
foundation or
one year of auditing
a postgraduate course","JL・R: 100/
M
M: 120/M
Entrance
and tution
fees, school
examination
fees,
Travelling
expenses
(round trip),
housing
cost, cost
of student
commuter
rail/bus
pass","JL・R: 1y
M: 2y","Nov. -Feb.
Jan. -Mar.","D, W, I","It
depends
on the
year
1 to 4
people
every
year",4/12
,,,,,,,,,,,,,,,,,,,,
,,,,,,,,,,,,,,,,,,,,
V. For Applicants Residing Abroad,5-2,"Kyoritsu International
Foundation
（一財）共立国際交流奨学財団",Young Steel Scholarship,"Ayabe Building 4F, 2-17-3 Sotokanda,
Chiyoda-ward,
Tokyo 101-0021
Tel 03-5295-0205
Fax 03-5295-0206
www.kif-org.com
kif-info@dormy.co.jp",,,"ST
U",,Korea,,,,,,,,,,2,"2
(grantees)"
V. For Applicants Residing Abroad,6,"Toka Kyoiku Bunka Koryu
Zaidan
（公財）東華教育文化交流財団",,"8-2-12 Ginza, Chuo-ward, Tokyo
104-0061
Tel 03-3571-7613 Fax 03-3572-5943
www.donghua.or.jp
info@donghua.or.jp",F,F,"U(3-)
M
D",−,"China,
Hong kong,
Macau, Taiwan",−,−,Y 50/M,N,"Junior, Senior,
Master's/ PhD
student",100/M,within 2y,"Nov. 1-
Nov. 20",D,10,6/174
V. For Applicants Residing Abroad,7,"The Japan-United States
Educational Commission
(Fulbright Japan)
Fulbright Grants",,"Institute of International Education
(IIE) One World Trade Center,
36th Floor New York, NY 10007
www.iie.org
https://us.fulbrightonline.org/",F,S,"U:recent
university
graduates",−,U.S. citizen,−,−,N,N,"Dual Japan-U.S.
citizens are not eligible
Applicants who are
studying, conducting
research, or have been
employed in Japan are
ineligible
At least two years of
college-level Japanese
language study or
equivalent is required","All
expenses",10m,"Apr. -
Early Oct.
of the
preceding
year",D,6,"7
(grantees)"
V. For Applicants Residing Abroad,8,"Japan Educational
Exchanges and Services
(JEES)
（公財）日本国際教育支援協会
JEES・Ishibashi","Foundation
Scholarship(Inbound)
(JEES Sponsor-Crowned
Scholarship)","12F DLX building 1-13-1
Nishishinbashi, Minatoku, Tokyo
105-0003
Educational Exchanges and Services
Office
Educational Exchanges Division
Student Services Department
Tel 03-5454-5274
Fax 03-5454-5242
www.jees.or.jp/
ix@jees.or.jp",S,S,"M
D
R",−,−,−,Art history,−,N,,150/M,2y,"Spring Term:
Jan.-Apr.
Fall Term:
June-Sep.",D,5,"0
（Grantees）"
V. For Applicants Residing Abroad,8-1,"Japan Educational
Exchanges and Services
(JEES)
（公財）日本国際教育支援協会
JEES・Ishibashi","Sumitomo Corporation
International Student
Scholarship
(JEES Sponsor-Crowned
Scholarship)","12F DLX building 1-13-1
Nishishinbashi, Minatoku, Tokyo
105-0003
Educational Exchanges and Services
Office
Educational Exchanges Division
Student Services Department
Tel 03-5454-5274
Fax 03-5454-5242
www.jees.or.jp/
ix@jees.or.jp",,,U,,China,"Designated
schools
(Contact the
school)",−,N,,"Exchange Students
planning to study one
year in Japan","100/M
Round trip
Air Ticket",Up to 1y,Mar.-May,,15,"8
（Grantees）"
V. For Applicants Residing Abroad,9,"Japan Dental Association
（公社）日本歯科医師会",,"4-1-20 Kudan-Kita, Chiyoda-ku,
Tokyo 102-0073
Tel 03-3262-9212
Fax 03-3262-9885",F,F,"M
R
D",−,"Asia Pacific and
African region",−,Dentistry,Y,N,,150/M,1m-12m,"Deadline:
Sep. 30",D,2-3,Closed
V. For Applicants Residing Abroad,10,"JAPAN TAIWAN EXCHANGE
ASSOCIATION
（公財）日本台湾交流協会",,"7F Aoba Roppongi Bldg. 3-16-33
Roppongi, Minato-ward, Tokyo
106-0032
Tel 03-5573-2600
Fax 03-5573-2601",F,F,"M
D
P",Under 35,Taiwan,−,−,N,N,,"144-148/M,
Round trip
air ticket,
Tuition, etc.","Minimum
period
required for
graduation
of master
or doctor
course",Feb.-Mar.,"D, I",Not fixed,52/108
,,,,,,,,,,,,,,,,,,,,
V. For Applicants Residing Abroad,11,"NOMURA FOUNDATION
（公財）野村財団",,"Toyosu Bayside Cross Tower
2-2-1, Toyosu, Koto-ku, Tokyo
135-0061
Tel 03-6741-6320
www.nomurafoundation.or.jp/en/
category_topscholar",F,F,"M
D","35 or
under",−,"U of Tokyo,
Hitotsubashi U ,
Kyoto U, Osaka U,
Waseda U, Keio U","Social
Science,
Humanities",Y 50/M,N,"Fill out the date of the
examination result
announcement
if the application
is submitted before
the school admission",200/M,2y,Sep.,"D, I",10,Closed
V. For Applicants Residing Abroad,12,"Fast Retailing Foundation
(FRF)
（一財）ファーストリテイリン
グ財団","FRF Scholarship for Studying
in Japan for Vietnamese","Midtown Tower, 9-7-1 Akasaka,
Minato-ku, Tokyo, 107-6231
www.fastretailing-foundation.or.jp/
eng/
FR-Vietnam_Scholarship@
fastretailing-foundation.or.jp",F,F,U,"19 or
under",Vietnam,"Designated
schools（Refer to
the website.）",−,N,N,,"Max 4000/y
（Refer
to the
website.）","4y-4.5y
（Refer
to the
website.）","July-
Late Aug.","D, I",10,−
V. For Applicants Residing Abroad,13,"U.S.-Japan Council
米日カウンシル","Toshizo Watanabe Study
Abroad Scholarship","1819 L Street, NW Suite 200
Washington, DC 20036
www.usjapancouncil.org/watanabe-
scholarship
watanabescholarship@
usjapancouncil.org",F,F,"U
M
D",−,USA,−,−,"Y
(Cannot
exceed
cost of
study
abroad)",N,"US citizen or
permanent resident,
demonstrates
financial need for
international study,
person from single
parent household
(preferred), first in
family to attend/
graduate from college
(preferred)","Up to the
full cost
of study
abroad
($25,000
max./y for
graduate
students)",4m-1y,"Jan.-
Mid Feb.
(Subject to
change)",D,Not fixed,Closed
V. For Applicants Residing Abroad,14,"Honjo International
Scholarship Foundation
（公財）本庄国際奨学財団",,"1-14-9 Tomigaya, Shibuya-ward,
Tokyo 151-0063
Tel 03-3468-2214
Fax 03-3468-2606
www.hisf.or.jp/en/scholarship/
foreigner/
info@hisf.or.jp",F,F,D,"Must
start the
course
by the age
of 35",−,−,−,N,Y,"Recipient is required
to work in home
country after
graduation",180/M,4y -5y,Sep.-Oct.,"D, I","Approxima
tely ten","Fall
Scholarship:
6/464
Spring
Scholarship:
4/321"
V. For Applicants Residing Abroad,15,"Yoshida Scholarship
Foundation
（公財）吉田育英会",YKK Leaders 21,"YKK60 Building 3-22-1 Kamezawa,
Sumida-ward, Tokyo 130-8521
Tel 03-5610-8103
Fax 03-5610-8104
www.ysf.or.jp/englishpage/
webmaster@ysf.or.jp",F,S,M(1),Under 30,"India, ASEAN,
Pakistan,
Sri Lanka,
Bangladesh,
Nepal, Bhutan,
Mongolia, West
Asia, Central Asia,
Africa","Designated
schools in Japan
listed below
U of Tokyo,
Science Tokyo,
Keio U, Waseda U,
Kyoto U,
Doshisha U,
Kwansei Gakuin U,
Nagoya U,
Osaka U,
Kyushu U","Natural
Science or
Engineering",N,N,"Recommendation of
designated schools
in Japan required
Examination result
before arriving in
Japan required","Tuition
max 2,500,
Travel Fee,
Stipend
200/M,
Spouse
Allowance
20/M",Up to 2y,"Please
contact the
designated
schools
in Japan",D,A few,"4
(grantees)"
V. For Applicants Residing Abroad,16,"Rotary Yoneyama Memorial
Foundation
（公財）ロータリー米山記念奨
学会",,"Kokuryu-Shibakoen-bldg. 3F, 2-6-15
Shiba Koen, Minato-ku, Tokyo
105-0011
Tel 03-3434-8681
Fax 03-3578-8281
www.rotary-yoneyama.or.jp/
english/overseas",F,F,U,"Under 45
at the
commen-
cement of
payment",−,"Application guide
for next year is
announced
every Early August
on the website",−,N,N,,100/M,2y,"Oct.1 -
Oct. 31",D(I),A few,"9/49
(2024)"
V. For Applicants Residing Abroad,17,"Japan Student Services
Organization(JASSO)
（独）日本学生支援機構","Reservation Program for
Monbukagakusho Honors
Scholarship for Privately-
Financed International
Students
（For examinees who
achieve a superior score on
the EJU）
*Please see P.5","International Scholarship Division
2-2-1 Aomi, Koto-ku, Tokyo 135-8630
Tel 03-5520-6030
Fax 03-5520-6031
www.jasso.go.jp/en/ryugaku/
scholarship_j/shoreihi/yoyaku_eju/
index.html",F,F,"ST
CT
(3-5,Advanced
course)
JC
U",−,−,−,−,Y,N,"*Applicants must take the
EJU and enroll as regular
students in a university,
a junior college, college
of technology or a
specialized training
college in Japan during
the specified period.
*Privately-financed
students
who fulfill the eligibility
/ conditions for applying
for and receiving Honors
Scholarship",48/M,6m or 1y,"Same as the
application
period of
the EJU","D
(by the
EJU
score)","1,500
(expected
number)
＊ including
the
number of
reservation
in Japan",−
V. For Applicants Residing Abroad,17-1,"Japan Student Services
Organization(JASSO)
（独）日本学生支援機構","Student Exchange Support
Program
（Scholarship for Study in
Japan under Agreement）
*Please see P.6","www.jasso.go.jp/en/ryugaku/
scholarship_j/ukeire.html",S,S,"ST
CT
(3-5,Advanced
course)
JC
U
M
D",,"All countries that
have diplomatic
relations with
Japan (applicants
from Taiwan and
Palestine are
acceptable)",,,"Y
80/M or
less","Y
(90d
or less)","Qualified international
Students accepted
by Japanese school
under the student
exchange agreement
or student exchange
arrangement with
their home school for
from 8 days to 1 year",80/M,8d-1y,"Please
contact
the home
school
outside
Japan",−,"5,200
(expected
number)",